Company Name,Address
Huptech Web Pvt Ltd,"Huptech Web Private Limited A -701, SiddhiVinayak Tower Nr. D.A.V. School, Next to Kataria House, Off, Sarkhej - Gandhinagar Hwy, Makarba, Ahmedabad., Gujarat"
Sunlight Digital,"Odhav, Ahmedabad, Gujarat"
Glasier Inc,"A/6, First Floor, Safal Profitaire, Corporate Rd, opp. Hotel Ramada, Prahlad Nagar,, Ahmedabad, Gujarat"
brand promoter,"Sector-5, Nirnaynagar , Ranip, Nirnay Nagar, Ahmedabad, Gujarat"
conception i technology,"A - 703, Titanium City Center, Anand Nagar, Ahmedabad, Gujarat"
Ardea Concepts,"1st Floor,12/A Prerna Kutir Bunglows, Vastrapur, near Sarthi Hotel, Ahmedabad, Gujarat 380015"
Vnurture Technologies,"402, Shivalik V, Nr. Mahalaxmi Cross Road, Paldi, Ahmedabad, Gujarat 380007"
Curious Technolabs,"F-602, TITANIUM CITY CENTER,
100 Feet Anand Nagar Road, Satellite,
Ahmedabad, Gujarat 380015, Prahlad Nagar"
Web Strataegic,"C-204, SG Business hub, Nr. Gota Flyover, Sarkhej - Gandhinagar Hwy, Ahmedabad-380060, India, S G Highway, Gujarat"
FriedenTech,"A 912 - ATMA House, Opp. Old Reserve Bank of India, Ashram Road - 380009, Ahmedabad, Gujarat"
Biztech Consultancy,"C/801, Dev Aurum Commercial,  Near Anandnagar Cross Roads, Prahalad Nagar, Prahlad Nagar, Ahmedabad, Gujarat"
Rajkurmar Agronet Private,"A.30 Ankur Soc, Opp. Priya Cinema, Krishnanagar, Ahmedababd-382345, Ahmedabad, Gujarat"
Teclogiq,"Ratna Business Square, Ashram Road, Ahmedabad, Gujarat"
Digital Marketing Course & SEO Training in Ahmedabad,"133, Chinubhai Tower, Near HK College, Opp. Handloom House, Ashram Road, Ahmedabad, Gujarat"
SEO Company in Ahmedabad,"402 Venus Atlantis, 100 Feet Rd, Near Shell Petrol Pump, Ahmedabad, Gujarat 380015, India, Sg Highway"
viraj global logistics,"B-336, sumal business park,sufal-7, soni ni chal ,rakhiyal, Ahmadabad, Rakhial, Ahmedabad, Gujarat"
RP INFOTECH,"A-310 B.G Tower O/S Delhi Geat Shahi Baug Road, Ahmedabad, Shahibag, Gujarat"
OnTreeIQ,"Titanium City Center mall, Prahalad Nagar, Ahmedabad, Gujarat 380015, Prahlad Nagar"
Linkgenic Digitech Pvt Ltd,"1,2nd Floor,Panchjyot Society rnNr.Hashmukh Namgar, rnOpp. Vijay Nagar Petrol Pump, rnNaranpura,Ahmedabad-380013., Gujarat"
Shapray Management,"Ghodasar, Ahmedabad"
konzept solution,"222, S. G. Mall, Near Acropolis Mall, Bhaikaka nagar, Thaltej, Ahmedabad, Gujarat, India - 380059"
Plethora IT Solutions,"A-1007, Synergy Tower, Beside Vodafone house, Corporate Road, Prahladnagar, Ahmedabad., Prahlad Nagar, Gujarat"
KlickTheorem,"380005, Chandkheda, Ahmedabad, Gujarat"
MRR Hope Infotech Pvt Ltd,"4th Floor, B Block Westgate,
4, 100 Feet Rd, Makarba,
Ahmedabad, Gujarat 380015, S G Highway"
IndyLogix Solutions,"405-407, Dev Nandan Mall, Ashram Road, Opp. Sanyas Ashram, Ellisbridge, Ahmedabad, Gujarat"
ShoutnHike SEO Digital Marketing Company,"133, Chinubhai Tower, Near HK College, Opp. Handloom House, Ashram Road, Ahmedabad, Gujarat-380009"
Swastik IT Solution,"Off No.10, 4th Floor Swastik Super, Market, Nr. Sales India, Income Tax, Ashram Rd, Ashram Road, Ahmedabad, Gujarat"
Horizon Webinfo Pvt Ltd,"A410, Smita Tower, Opp Auda Garden Nr. Shubhash Chowk, Gurukul Rd, Memnagar, Ahmedabad, Gujarat 380052"
DigitalJD,"B/5 Momin Park Near Shama Sco., Juhapura, Ahmedabad, Gujarat"
TACTPRO Web Solutions,"Synergy Tower, 602/B, Corporate Rd, near Vodafone house, Prahlad Nagar, Ahmedabad, Gujarat"
Accuprec Research Labs Pvt Ltd,"Opp.Zydus Pharmez, Changodar bavla highway, Nr. Matoda patia, Ahmedabad,, Gujarat"
ITaims,"35,Adarsh Nagar,chandkheda, Ahmedabad, Gujarat"
Web30India - Web and Mobile App Development Company Ahmedabad,"702-703 Iscon Emporio, Nr. Star Bazaar, Jodhpur Cross Roads, Satellite, Ahmedabad, Gujarat"
Digital Sandip Academy,"A-206, Addor Ambition, Beside Vimal House, Near Navkar Class, Navrangpura, Ahmedabad, Gujarat"
Ahmedabad School of Digital Marketing,"A-202, Swizz Plaza,Near Manekbaugh BRTS Station,Ahmedabad, Ambawadi, Gujarat"
ConnectionFace Technologies,"405,Business Park Prahladnagar Gandhinagar Hwy, Satellite, opp KFC, Prahladnagar, Ahmedabad, Gujarat- 380014"
bizinceptin,"vastrapur Ahmadabad, Ahmedabad, Gujarat"
Aarsh Infotech,"330, Maruti Plaza, Opp Vijay Park BRTS bus stand, 100 feet Road, Krishnanagar, Ahmedabad, Gujarat"
Ofzone,"Suite 419, Orchid Centre,South Bopal, Ahmedabad, Gujarat"
devotion ecommerse,"Devotion Commerce is the Best SEO Company in Ahmedab we don't take that lightly. No matter what marketing goals you have for your company, Devotionad, Acher, Ahmedabad, Gujarat"
Ivory Web Design Private Limited,"I-17/204 Akashdeep Apartment,B/h Akhabar Nagar,Nava Vadaj,Ahmedabad - 380013.gujarat"
Shapray Management,"Ghodasar, Ahmedabad"
Bizz Digital Marketing,"A-803,, Navrangpura, Ahmedabad, Gujarat"
OneClick IT Consultancy Pvt Ltd,"406,407, Sarthik -2, Near Maruti Suzuki Showroom, Opp. Rajpath Club, Satellite, Ahmedabad, Gujarat"
Ebizfiling,"Science City Road, Ahmedabad, Gujarat"
Netweb Technologies,"B/18, Chahat Residency, Opp Tilaknagar, New RTO Road, Vastral, Ahmedabad, Gujarat"
Universal Stream Solution LLC,"E-1009, Titanium City Center,rnSatellite, Ahmedabad,rnGujarat – 380015, India."
Sellhuge,"26, Devnandan Mall, Opp. Sanyas Ashram, Ellisbridge, Ahmedabad, Gujarat"
Tripolystudio,"302, Himalaya Emerald, Near IOC Petrol Pump, Shivranjani Over Bridge, Shivranjani, Satellite, Ahmedabad - 380015, Gujarat"
AppAspect Technologies Pvt. Ltd,"E- 339 sumel Business park 4 Amdupura, Ahmedabad, Gujarat"
Write Right,"A-203, Sky Sol, Aarohi Club Rd, Ahmedabad, Bopal, Gujarat"
Wordzyx,"Vejalpur, Ahmedabad, Gujarat"
bizinceptin,"vastrapur Ahmadabad, Ahmedabad, Gujarat"
konzept solution,"222, S. G. Mall, Near Acropolis Mall, Bhaikaka nagar, Thaltej, Ahmedabad, Gujarat, India - 380059"
Astrum Communications,"15 Alpha Rook, Nr. Tv 9 Office, Jivraj, Jivraj Park, Ahmedabad, Gujarat"
Purple Phase Communications,"1st Floor, 2, Opera Society, Part 2 Besides Aangi Flats, Exact Opposite Annapurna Hall, New Vikas Gruh Road, Paldi, Ahmedabad, Gujarat"
grow your business,"6 HARI OM COMPLEX, NEW C G ROAD , CHANDKHEDA, AHMEDABAD. 382, Gujarat"
DataPierce,"301, Ashman Complex
b-h Ganesh Plaza, Navrangpura, Ahmedabad, Gujarat"
Rmc Business,"D- 174 Payalnager society, naroda, ahmedabad, Gujarat"
Seo Outsourcing India,"B-15 Shivanad Apartment, Behind Mandakin Society,Ghatlodiya, Ahmedabad, Gujarat"
Audience Visible,"Sumel 6 Shahibaugh, Shahibag, Ahmedabad, Gujarat"
Ellipsis Infotech,"No. 12/A, Narnarayan Society, Opposite Punjabi Hall Near Swastik Cross Roads, Navrangpura, Ahmedabad, Gujarat"
Tech Media Square,"Ahmedabad Gujarat, Ahmedabad Cantonment"
VAST Media Labs,"Satellite, Ahmedabad, Gujarat"
Web Cures Digital,"C 903, Titanium City Center, Near Sachin Tower, Anand Nagar, Ahmedabad, Gujarat"
MJ DIGITAL PUBLICITY,"Opp.Madhav Chambars, Nr.Vidhya Nagar School, India Colony Road, Bapunagar, Ahmedabad-382350, Gujarat, India, Nikol"
Dad Of Ad,"A-203, Sky Sol, Aarohi Club Rd, Ahmedabad, Gujarat 380058, Bavla"
Lappy king,"6, NBCC House NR, Sahajanand College Ambawadi, Ahmedabad, Gujarat"
Digital Atom,"4th floor, Digital ATOM, SOI Rituraj House, Near St Xavier's Loyola School, Navrangpura, Ahmedabad, Gujarat 38000"
WeTales,"A 604, Titanium Square Patel Society, Jai Ambe Nagar, Thaltej, Ahmedabad, Gujarat"
WriterzDen,"Rakhial, Ahmedabad, Gujarat"
Nilson Solution,"305, Sikhar Complex, Opp. Navneet house, Gurukul, Ahmedabad, Gujarat"
ARM Infoway,"D-601, Ashray Arise Opp. Vasant Baug Party Plot Shilaj Road, Ahmedabad, Gujarat, India"
Plethora IT & HR Solutions,"A-1007, Synergy Tower, Beside Vodafone House, Corporate Road, Prahladnagar, Ahmedabad., Prahlad Nagar, Gujarat"
Brandyuga Technologies,"galaxy complex, naroda, ahmedabad-382330, Gujarat"
Digital Web Mania,"410 Saman Complex, Bodakdev, Ahmedabad, Gujarat"
Regius It Solutions,"9-b, Vardan Tower, Near Stadium Petrol Pump, Navrangpura, - 380009near Stadium Petrol Pumpnavrangpura, Ahmedabad, Gujarat"
AddWeb Solution,"705, Silicon Tower, Above Freezland Restaurant, nr. Law Garden, Off. C.G. Road, Ahmedabad, Gujarat 380009India, Cg Road"
Digital Sandip Academy,"A-206, Addor Ambition, Beside Vimal House, Near Navrangpura, Ahmedabad, Gujarat"
Horizon Webinfo Pvt Ltd,"410, Smita Tower, Nr. Shubhash Chowk, Gurukul Road, Memnagar, Ahmedabad, Gujarat"
CodeXry Technology,"2/14 Patrakar Colony, Nr. Adani CNG Pump Road Naranpura, Ahmedabad, Gujarat"
Zyelon Cmputech,"Gurukul Road, Smita Tower, Vishramnagar, Ahmedabad,, Gujarat, Ahmedabad, 380052"
SQL Computech Pvt Ltd,"505, Iscon Elegance, Prahlad Nagar, Ahmedabad, Gujarat 380015"
Web Cures Digital,"C 903, Titanium City Center, Near Sachin Tower, Anand Nagar, Ahmedabad, Gujarat"
Digital Sandip Academy,"A-206, Addor Ambition, Beside Vimal House, Near Navrangpura, Ahmedabad, Gujarat"
Lappy king,"6, NBCC House NR, Sahajanand College Ambawadi, Ahmedabad, Gujarat"
Impexperts - Academy of Import Export,"2B, 2nd Floor, B.D.Patel House, rnBehind Sardar Patel Colony, Naranpura, Ahmedabad, Gujarat 380014"
rootmultimedia,"B-211, 2nd Floor, Sarvopari Mall Opp. Utsav Elegance, nr. B, Sola, Ahmedabad, Gujarat"
Brandyuga Technologies,"galaxy complex, naroda, ahmedabad-382330, Gujarat"
Adolic Media Enterprise,"404 Ashman Complex, B/h Ganesh Plaza, Navrangpura, Ahmedabad, Gujarat"
JSP Infotech,"506, Elite icon, Beside Sola Bridge, Gandhinagar Highway, Ahmedabad, Gujarat"
Horizon Webinfo Pvt Ltd,"410, Smita Tower, Nr. Shubhash Chowk, Gurukul Road, Memnagar, Ahmedabad, Gujarat"
audiencevisible,"130 block h sumel hanumanpura dehli darwaja, Kalupur, Ahmedabad, Gujarat"
Digital Atom,"4th floor, Digital ATOM, SOI Rituraj House, Near St Xavier's Loyola School, Navrangpura, Ahmedabad, Gujarat 38000"
DataPierce,"301, Ashman Complex
b-h Ganesh Plaza, Navrangpura, Ahmedabad, Gujarat"
PeddleWeb,"501-503 Binori B square 1, Nr Neptune House, Bopal Ambali Ro, Ahmedabad, Gujarat"
digital sandip academy,"Navrangpura, Ahmedabad, Gujarat"
WriterzDen,"Rakhial, Ahmedabad, Gujarat"
The Grey Metaphor,"409,410, 4th Floor, Gala Empire, Drive-in Road, opp. Doordarshan Tower, Thaltej, Ahmedabad, Gujarat 380054"
KoKoCommunications,"1007 Akik Tower, Near Pakwan-2, S.G. Highway, Ahmedabad, Gujarat 380054, Bodakdev"
Hue Marcom Services Pvt Ltd,"Hue Marcom Services Pvt. Ltd. India 1102 Pinnacle Business Park Corporate Road Prahaladnagar Ahmedabad 380015, Prahlad Nagar, Gujarat"
AddWeb Solution,"705, Silicon Tower, Above Freezland Restaurant, nr. Law Garden, Off. C.G. Road, Ahmedabad, Gujarat 380009India, Cg Road"
Triffid Marketing PVT LTD,"B-905, 9 Square, Vastrapur, Ahmedabad, Gujarat"
Top CSS Gallery,"Ahmedabad, Bodakdev, Gujarat"
Aavishkar Machinery Pvt. Ltd,"805 Signature 1, S G Highway
Makarba, Sg Highway, Ahmedabad, Gujarat"
Angel Branding,"48 Vishwas Society opp anand tenament GST Road, Chandkheda Society, Ahmedabad, Gujarat"
agetechnolab,"702, Dream Rise, Science City Rd, Nr. Hetarth Party Plot, Sola, Ahmedabad, Gujarat"
KrishaWeb,"B/1, Nikumbh Complex, Opp. Tomatoâ��s Restaurant, C.G. Road, Navrangpura, Ahmedabad, Gujarat 380009"
URTEQi Technologies,"SG. Highway, Sg Highway, Ahmedabad, Gujarat"
Seo Outsourcing India,"B-15 Shivanad Apartment, Behind Mandakin Society,Ghatlodiya, Ahmedabad, Gujarat"
Digital Marketing,"Atlantis Park , Sughad, Gandhinagar Road, Ahmedabad, Gujarat"
"Hospital, College and School Erp Solutions Ahmedabad India","C4, Sehgul Park Society, Behind Sanjivni Hospital, Joona, Vadaj, Ahmedabad, Gujarat"
Iceel IT Services,"CF-10, Krishna Complex, Sanand-Sarkhej Road, Sg Highway, Ahmedabad, Gujarat"
Ecosmob Technologies,"501-503, Binori B Square 1 Nr. Neptune House, Ambli - Bopal, Ahmedabad, Gujarat"
WebClues Infotech,"B-907, Titanium Square, Thaltej Cross Road, , Ahmedabad, Gujarat"
Seo Outsourcing India,"B-15 Shivanad Apartment, Behind Mandakin Society,Ghatlodiya, Ahmedabad, Gujarat"
Web Ache Solutions,"1308, iSquare, Nr. Shukan Mall Cross Roads, Science City Rd, Sola, Ahmedabad, Gujarat"
rootmultimedia,"B-211, 2nd Floor, Sarvopari Mall Opp. Utsav Elegance, nr. B, Sola, Ahmedabad, Gujarat"
Shree Tripada Infomedia India Pvt. Ltd.,"A -39 , Vrajeshwari Co Op H Soc Ltd , Nr.d-cabin , Sabarmati , , Ahmedabad, Gujarat"
Audience Visible,"Sumel 6 Shahibaugh, Shahibag, Ahmedabad, Gujarat"
Kwick Marketing,"Siddhi Vinayak Towers, Kataria Automobiles Rd, Makarba, Ahmedabad, Gujarat"
Give Me Xpert,"Tf-304, Unique Metropolish,Nr. Prasang Party Plot,R C Technical Cross Road,Off. S.g. Highway,Ahmedabad - 380015, Gujarat, S G Highway"
Selected Firms,"H-903, Titanium City Center, 100 Feet Anand Nagar Road, Ahmedabad, Gujarat"
Zyelon Cmputech,"Gurukul Road, Smita Tower, Vishramnagar, Ahmedabad,, Gujarat, Ahmedabad, 380052"
audiencevisible,"130 block h sumel hanumanpura dehli darwaja, Kalupur, Ahmedabad, Gujarat"
CodeXry Technology,"2/14 Patrakar Colony, Nr. Adani CNG Pump Road Naranpura, Ahmedabad, Gujarat"
Aura Techmind Pvt. Ltd,"#407, Sigma Icon-1,Opposite Medilink Hospital,Near Shyamal Cross Road, Satellite,, Ahmedabad, Gujarat"
WeTales,"A 604, Titanium Square Patel Society, Jai Ambe Nagar, Thaltej, Ahmedabad, Gujarat"
Blink Lab LLP,"802 Akshat Tower, Off. S.G. Highway, S G Highway, Ahmedabad, Gujarat"
Prozone Technologies,"C.G. Road, Navrangpura, Ahmedabad, Gujarat"
GreenSpecks Media,"419, Dream Square, Akhbar Nagar, Ahmedabad, 380013, Ahmedabad Cantonment, Gujarat"
Skaradigi,"C-806, The First, Nr. ITC Hotel B/h Keshav Baugh Party Plot,, Satellite, Ahmedabad, Gujarat"
eQuinoxx,"2nd Floor, Rudra Aplis, Next to ISKCON Temple, S.G. Road, Ah, Ahmedabad Cantonment, Gujarat"
Rmc Business,"D- 174 Payalnager society, naroda, ahmedabad, Gujarat"
WriterzDen,"Rakhial, Ahmedabad, Gujarat"
Cypherox Technologies Pvt. Ltd,"B/804 Dev Aurum Commercial, Prahalad Nagar,
Near Anandnagar Cross Roads, Ahmadabad, 100 Ft Ring Road, Ahmedabad, Gujarat"
Regius It Solutions,"9-b, Vardan Tower, Near Stadium Petrol Pump, Navrangpura, - 380009near Stadium Petrol Pumpnavrangpura, Ahmedabad, Gujarat"
Biofinz Healthcare Communication Inc.,"304, Sanmukh Complexrnnavrangpura, Ahmedabad, Gujarat"
Tej SolPro,"F-1212, 12th Floor, Titanium City Centre, Nr. Sachin Tower, 100 Feet Road, Shyamal, , Ahmedabad, Gujarat"
Horizon Webinfo Pvt Ltd,"410, Smita Tower, Nr. Shubhash Chowk, Gurukul Road, Memnagar, Ahmedabad, Gujarat"
grow your business,"6 HARI OM COMPLEX, NEW C G ROAD , CHANDKHEDA, AHMEDABAD. 382, Gujarat"
Kwick Marketing,"Siddhi Vinayak Towers, Kataria Automobiles Rd, Makarba, Ahmedabad, Gujarat"
audiencevisible,"130 block h sumel hanumanpura dehli darwaja, Kalupur, Ahmedabad, Gujarat"
The Grey Metaphor,"409,410, 4th Floor, Gala Empire, Drive-in Road, opp. Doordarshan Tower, Thaltej, Ahmedabad, Gujarat 380054"
Purple Phase Communications,"1st Floor, 2, Opera Society, Part 2 Besides Aangi Flats, Exact Opposite Annapurna Hall, New Vikas Gruh Road, Paldi, Ahmedabad, Gujarat"
Aura Techmind Pvt. Ltd,"#407, Sigma Icon-1,Opposite Medilink Hospital,Near Shyamal Cross Road, Satellite,, Ahmedabad, Gujarat"
